Country,Criteria,Type,Coverage,1980,1981,1982,1983,1984,1985,1986,1987,1988,1989,1990,1991,1992,1993,1994,1995,1996,1997,1998,1999,2000,2001,2002,2003,2004,2005,2006,2007,2008,2009,2010,2011,2012,2013,Total_Migration
Armenia,Residence,Emigrants,Both,0.0,0.0,0.0,0.0,0.0,0.0,0.0,0.0,0.0,0.0,0.0,0.0,0.0,0.0,0.0,0.0,0.0,0.0,0.0,0.0,12030.0,11901.0,10433.0,8482.0,8451.0,9303.0,8053.0,7461.0,6121.0,4100.0,0.0,0.0,0.0,0.0,86335.0
Armenia,Residence,Immigrants,Both,0.0,0.0,0.0,0.0,0.0,0.0,0.0,0.0,0.0,0.0,0.0,0.0,0.0,0.0,0.0,0.0,0.0,0.0,0.0,0.0,1767.0,1764.0,1715.0,1926.0,1514.0,1497.0,1335.0,1112.0,864.0,861.0,0.0,0.0,0.0,0.0,14355.0
Australia,Residence,Emigrants,Both,90860.0,85600.0,92340.0,100510.0,96360.0,93440.0,92450.0,97770.0,104770.0,120040.0,137470.0,143710.0,143660.0,140420.0,141680.0,149360.0,158260.0,176560.0,179600.0,185670.0,206120.0,216130.0,222940.0,224890.0,212200.0,206690.0,204800.0,216580.0,220280.0,0.0,0.0,0.0,0.0,0.0,4461160.0
Australia,Residence,Immigrants,Both,184290.0,212690.0,195200.0,153570.0,153530.0,172550.0,196690.0,221620.0,253860.0,238050.0,234050.0,237240.0,220460.0,197940.0,221920.0,253940.0,261330.0,260220.0,268390.0,289870.0,317560.0,356410.0,361990.0,388450.0,350990.0,363470.0,402210.0,460650.0,535970.0,0.0,0.0,0.0,0.0,0.0,7965110.0
Austria,Citizenship,Emigrants,Citizens,0.0,0.0,0.0,0.0,0.0,0.0,0.0,0.0,0.0,0.0,0.0,0.0,0.0,0.0,0.0,0.0,17136.0,18830.0,19407.0,19644.0,18224.0,21644.0,30353.0,23056.0,21703.0,20333.0,19387.0,17828.0,18168.0,16376.0,16059.0,14401.0,15443.0,15368.0,327992.0
Austria,Citizenship,Emigrants,Foreigners,0.0,0.0,0.0,0.0,0.0,0.0,0.0,0.0,0.0,0.0,0.0,0.0,0.0,0.0,0.0,0.0,46725.0,48264.0,44865.0,47279.0,46248.0,51010.0,44478.0,48940.0,50018.0,49800.0,55045.0,32070.0,33395.0,36868.0,35592.0,36796.0,36369.0,38703.0,743762.0
Austria,Citizenship,Immigrants,Citizens,0.0,0.0,0.0,0.0,0.0,0.0,0.0,0.0,0.0,0.0,0.0,0.0,0.0,0.0,0.0,0.0,12830.0,13227.0,13494.0,14331.0,13794.0,15142.0,21981.0,18528.0,18301.0,16470.0,15636.0,8477.0,8636.0,8988.0,8817.0,8082.0,8272.0,9237.0,225006.0
Austria,Citizenship,Immigrants,Foreigners,0.0,0.0,0.0,0.0,0.0,0.0,0.0,0.0,0.0,0.0,0.0,0.0,0.0,0.0,0.0,0.0,50035.0,49638.0,59229.0,72379.0,67882.0,74786.0,86144.0,93341.0,104246.0,97995.0,82899.0,64385.0,65136.0,60307.0,62161.0,74148.0,83285.0,92629.0,1247996.0
Austria,Residence,Emigrants,Both,0.0,0.0,0.0,0.0,0.0,0.0,0.0,0.0,0.0,0.0,0.0,0.0,0.0,0.0,0.0,0.0,0.0,0.0,64272.0,66923.0,64472.0,0.0,74831.0,71996.0,71721.0,70133.0,74432.0,49898.0,51563.0,53244.0,51651.0,51197.0,51812.0,54071.0,868145.0
Austria,Residence,Immigrants,Both,0.0,0.0,0.0,0.0,0.0,0.0,0.0,0.0,0.0,0.0,0.0,0.0,0.0,0.0,0.0,0.0,69930.0,70122.0,72723.0,86710.0,81675.0,89928.0,108125.0,111869.0,122547.0,114465.0,98535.0,72862.0,73772.0,69295.0,70978.0,82230.0,91557.0,101866.0,1487323.0
Azerbaijan,Residence,Emigrants,Both,0.0,0.0,0.0,0.0,0.0,0.0,0.0,0.0,0.0,0.0,0.0,0.0,0.0,0.0,0.0,16033.0,13151.0,15703.0,10498.0,9142.0,9947.0,7288.0,4320.0,3754.0,2800.0,2919.0,2644.0,3090.0,2530.0,1373.0,0.0,0.0,0.0,0.0,105192.0
Azerbaijan,Residence,Immigrants,Both,0.0,0.0,0.0,0.0,0.0,0.0,0.0,0.0,0.0,0.0,0.0,0.0,0.0,0.0,0.0,6222.0,5781.0,7528.0,5404.0,4806.0,4361.0,2574.0,1257.0,2500.0,2407.0,2019.0,2232.0,1970.0,3597.0,2292.0,0.0,0.0,0.0,0.0,54950.0
Belarus,Residence,Emigrants,Both,0.0,0.0,0.0,0.0,0.0,0.0,0.0,0.0,0.0,0.0,0.0,0.0,0.0,0.0,0.0,0.0,0.0,0.0,0.0,0.0,13812.0,14270.0,13378.0,12986.0,12510.0,11082.0,8498.0,9479.0,9268.0,7643.0,0.0,0.0,0.0,0.0,112926.0
Belarus,Residence,Immigrants,Both,0.0,0.0,0.0,0.0,0.0,0.0,0.0,0.0,0.0,0.0,0.0,0.0,0.0,0.0,0.0,0.0,0.0,0.0,0.0,0.0,25943.0,23355.0,18939.0,18145.0,14641.0,13031.0,14124.0,14155.0,17412.0,19891.0,0.0,0.0,0.0,0.0,179636.0
Belgium,Citizenship,Emigrants,Citizens,13326.0,20325.0,21497.0,21090.0,20562.0,20481.0,21110.0,22253.0,16244.0,16076.0,15937.0,18002.0,13258.0,13616.0,14422.0,16442.0,16384.0,18250.0,31653.0,33401.0,35707.0,37513.0,38228.0,40183.0,40716.0,42601.0,42590.0,45615.0,0.0,0.0,22603.0,23603.0,26072.0,28068.0,779760.0
Belgium,Citizenship,Emigrants,Foreigners,36887.0,36970.0,37207.0,36170.0,32747.0,30431.0,29509.0,31017.0,28981.0,24737.0,24373.0,31617.0,24597.0,29412.0,32462.0,31745.0,30616.0,32710.0,40434.0,40696.0,39613.0,37748.0,37732.0,39216.0,43179.0,44298.0,45573.0,45437.0,100275.0,0.0,43410.0,43872.0,48648.0,62732.0,1212319.0
Belgium,Citizenship,Immigrants,Citizens,7834.0,7979.0,8479.0,9310.0,9843.0,9500.0,9663.0,9655.0,10253.0,10620.0,12193.0,13330.0,11713.0,10707.0,10182.0,9812.0,9638.0,9609.0,10573.0,10682.0,11321.0,11610.0,12425.0,13113.0,12932.0,12953.0,12857.0,36483.0,0.0,0.0,18557.0,18426.0,17271.0,17531.0,379523.0
Belgium,Citizenship,Immigrants,Foreigners,39746.0,33907.0,29498.0,28477.0,29884.0,28809.0,29466.0,31468.0,31343.0,35084.0,39338.0,41783.0,43312.0,48344.0,51034.0,45614.0,47716.0,45067.0,73239.0,80942.0,78067.0,98800.0,101432.0,98947.0,104304.0,119857.0,124842.0,109926.0,164152.0,0.0,116724.0,126272.0,130116.0,100725.0,2207510.0
Belgium,Residence,Emigrants,Both,0.0,0.0,0.0,0.0,0.0,0.0,0.0,0.0,0.0,0.0,0.0,0.0,0.0,0.0,0.0,0.0,0.0,0.0,72087.0,74097.0,75320.0,75261.0,75960.0,79399.0,83895.0,86899.0,88163.0,91052.0,100275.0,0.0,66013.0,67475.0,74720.0,90800.0,1110616.0
Belgium,Residence,Immigrants,Both,54694.0,49298.0,44659.0,43657.0,47002.0,47042.0,48959.0,49750.0,48484.0,54169.0,62662.0,67460.0,66763.0,63749.0,0.0,0.0,0.0,0.0,83812.0,91624.0,89388.0,110410.0,113857.0,112060.0,117236.0,132810.0,137699.0,146409.0,0.0,0.0,135281.0,144698.0,147387.0,118256.0,2311019.0
Bulgaria,Citizenship,Emigrants,Citizens,0.0,0.0,0.0,0.0,0.0,0.0,0.0,0.0,0.0,0.0,0.0,0.0,0.0,0.0,0.0,0.0,0.0,0.0,0.0,0.0,0.0,0.0,0.0,0.0,0.0,0.0,0.0,2923.0,2109.0,19036.0,0.0,0.0,13640.0,16036.0,37708.0
Bulgaria,Citizenship,Emigrants,Foreigners,0.0,0.0,0.0,0.0,0.0,0.0,0.0,0.0,0.0,0.0,0.0,0.0,0.0,0.0,0.0,0.0,0.0,0.0,0.0,0.0,0.0,0.0,0.0,0.0,0.0,0.0,0.0,816.0,1447.0,1115.0,0.0,0.0,2975.0,3642.0,6353.0
Bulgaria,Citizenship,Immigrants,Citizens,0.0,0.0,0.0,0.0,0.0,0.0,0.0,0.0,0.0,0.0,0.0,0.0,0.0,0.0,0.0,0.0,0.0,0.0,0.0,0.0,0.0,0.0,0.0,0.0,0.0,0.0,0.0,1498.0,1148.0,0.0,0.0,0.0,4964.0,4682.0,7610.0
Bulgaria,Citizenship,Immigrants,Foreigners,0.0,0.0,0.0,0.0,0.0,0.0,0.0,0.0,0.0,0.0,0.0,0.0,0.0,0.0,0.0,0.0,0.0,0.0,0.0,0.0,0.0,0.0,0.0,0.0,0.0,0.0,0.0,63.0,88.0,0.0,0.0,0.0,9139.0,13888.0,9290.0
Bulgaria,Residence,Emigrants,Both,0.0,0.0,0.0,0.0,0.0,0.0,0.0,0.0,0.0,0.0,0.0,0.0,0.0,0.0,0.0,0.0,0.0,0.0,0.0,0.0,0.0,0.0,0.0,0.0,0.0,0.0,0.0,2958.0,2112.0,0.0,0.0,0.0,16615.0,19678.0,21685.0
Bulgaria,Residence,Immigrants,Both,0.0,0.0,0.0,0.0,0.0,0.0,0.0,0.0,0.0,0.0,0.0,0.0,0.0,0.0,0.0,0.0,0.0,0.0,0.0,0.0,0.0,0.0,0.0,0.0,0.0,0.0,0.0,1561.0,1236.0,3249.0,0.0,0.0,14103.0,18570.0,20149.0
Canada,Citizenship,Immigrants,Citizens,0.0,0.0,0.0,0.0,0.0,0.0,0.0,0.0,0.0,0.0,3.0,3.0,4.0,3.0,1.0,1.0,1.0,0.0,0.0,0.0,0.0,0.0,0.0,0.0,0.0,0.0,0.0,0.0,0.0,0.0,0.0,1.0,1.0,2.0,18.0
Canada,Citizenship,Immigrants,Foreigners,143137.0,128641.0,121175.0,89185.0,88272.0,84346.0,99351.0,152075.0,161585.0,191550.0,216448.0,232799.0,254783.0,256635.0,224381.0,212863.0,226070.0,216036.0,174195.0,189950.0,227455.0,250636.0,229049.0,221349.0,235822.0,262242.0,251640.0,236753.0,247244.0,252170.0,280687.0,248747.0,257902.0,259019.0,6665173.0
Croatia,Citizenship,Emigrants,Citizens,0.0,0.0,0.0,0.0,0.0,0.0,0.0,0.0,0.0,0.0,0.0,0.0,0.0,0.0,0.0,0.0,0.0,0.0,4451.0,5554.0,5245.0,6670.0,11120.0,6114.0,5871.0,5509.0,6967.0,8084.0,6623.0,8637.0,0.0,9518.0,10836.0,13394.0,101199.0
Croatia,Citizenship,Emigrants,Foreigners,0.0,0.0,0.0,0.0,0.0,0.0,0.0,0.0,0.0,0.0,0.0,0.0,0.0,0.0,0.0,0.0,0.0,0.0,2859.0,8731.0,671.0,818.0,647.0,420.0,941.0,502.0,725.0,918.0,865.0,1301.0,0.0,3181.0,2041.0,1868.0,24620.0
Croatia,Citizenship,Immigrants,Citizens,0.0,0.0,0.0,0.0,0.0,0.0,0.0,0.0,0.0,0.0,0.0,0.0,0.0,0.0,0.0,0.0,0.0,0.0,0.0,31046.0,0.0,22256.0,18368.0,16355.0,16857.0,0.0,13744.0,13404.0,12225.0,0.0,0.0,4720.0,4208.0,5085.0,153183.0
Croatia,Citizenship,Immigrants,Foreigners,0.0,0.0,0.0,0.0,0.0,0.0,0.0,0.0,0.0,0.0,0.0,0.0,0.0,0.0,0.0,0.0,0.0,0.0,51784.0,1864.0,0.0,2159.0,1997.0,2100.0,1526.0,0.0,1234.0,1218.0,2316.0,0.0,0.0,3814.0,4751.0,5293.0,74763.0
Croatia,Residence,Emigrants,Both,0.0,0.0,0.0,0.0,0.0,0.0,0.0,0.0,0.0,0.0,0.0,0.0,8859.0,9169.0,10163.0,15413.0,10027.0,18531.0,0.0,14285.0,0.0,0.0,11767.0,6534.0,6812.0,0.0,7692.0,9002.0,7488.0,0.0,0.0,12699.0,12877.0,15262.0,161318.0
Croatia,Residence,Immigrants,Both,0.0,0.0,0.0,0.0,0.0,0.0,0.0,0.0,0.0,0.0,0.0,10050.0,48324.0,57702.0,33426.0,42026.0,44596.0,52343.0,0.0,32910.0,0.0,24415.0,20365.0,18455.0,18383.0,0.0,14978.0,14622.0,0.0,0.0,0.0,8534.0,8959.0,10378.0,450088.0
Cyprus,Citizenship,Emigrants,Citizens,0.0,0.0,0.0,0.0,0.0,0.0,0.0,0.0,0.0,0.0,0.0,0.0,0.0,0.0,0.0,0.0,0.0,0.0,0.0,0.0,0.0,0.0,0.0,0.0,629.0,294.0,229.0,816.0,387.0,0.0,212.0,242.0,1050.0,3579.0,3859.0
Cyprus,Citizenship,Emigrants,Foreigners,0.0,0.0,0.0,0.0,0.0,0.0,0.0,0.0,0.0,0.0,0.0,0.0,0.0,0.0,0.0,0.0,0.0,0.0,0.0,0.0,11268.0,13909.0,7485.0,4437.0,5650.0,9709.0,6645.0,10573.0,10113.0,9829.0,4081.0,4653.0,17055.0,21648.0,115407.0
Cyprus,Citizenship,Immigrants,Citizens,0.0,0.0,0.0,0.0,0.0,0.0,0.0,0.0,0.0,0.0,0.0,0.0,0.0,0.0,0.0,0.0,0.0,0.0,0.0,0.0,1157.0,3619.0,2154.0,1994.0,1760.0,2540.0,1010.0,953.0,1101.0,0.0,1881.0,2054.0,1276.0,1534.0,21499.0
Cyprus,Citizenship,Immigrants,Foreigners,0.0,0.0,0.0,0.0,0.0,0.0,0.0,0.0,0.0,0.0,0.0,0.0,0.0,0.0,0.0,0.0,0.0,0.0,8721.0,0.0,11607.0,13866.0,12216.0,14785.0,20243.0,21879.0,14535.0,18064.0,12994.0,11675.0,18325.0,20983.0,16200.0,11615.0,216093.0
Cyprus,Residence,Emigrants,Both,0.0,0.0,0.0,0.0,0.0,0.0,0.0,0.0,0.0,0.0,0.0,0.0,0.0,0.0,0.0,0.0,0.0,0.0,6800.0,0.0,0.0,0.0,7485.0,4437.0,6279.0,10003.0,6874.0,11389.0,10500.0,9829.0,4293.0,4895.0,18105.0,25227.0,100889.0
Cyprus,Residence,Immigrants,Both,0.0,0.0,0.0,0.0,0.0,0.0,0.0,0.0,0.0,0.0,0.0,0.0,9994.0,0.0,0.0,0.0,0.0,6149.0,8622.0,8523.0,12764.0,17485.0,14370.0,16779.0,22003.0,24419.0,15545.0,19017.0,0.0,0.0,20206.0,23037.0,17476.0,13149.0,236389.0
Czech Republic,Citizenship,Emigrants,Citizens,0.0,0.0,0.0,0.0,0.0,0.0,0.0,0.0,0.0,0.0,0.0,0.0,0.0,0.0,0.0,0.0,0.0,0.0,0.0,1013.0,1102.0,903.0,1298.0,1023.0,1034.0,2269.0,2075.0,2076.0,28293.0,24284.0,23337.0,15321.0,17850.0,9267.0,121878.0
Czech Republic,Citizenship,Emigrants,Foreigners,0.0,0.0,0.0,0.0,0.0,0.0,0.0,0.0,0.0,0.0,0.0,0.0,0.0,0.0,0.0,0.0,0.0,0.0,0.0,123.0,161.0,20566.0,31091.0,33203.0,33784.0,21796.0,31388.0,18424.0,23185.0,37498.0,37732.0,40589.0,28256.0,16627.0,357796.0
Czech Republic,Citizenship,Immigrants,Citizens,0.0,0.0,0.0,0.0,0.0,0.0,0.0,0.0,0.0,0.0,0.0,0.0,0.0,0.0,0.0,0.0,0.0,0.0,0.0,3100.0,3575.0,1595.0,1031.0,2577.0,2649.0,1718.0,2058.0,1934.0,25190.0,21744.0,18267.0,8141.0,6765.0,5326.0,100344.0
Czech Republic,Citizenship,Immigrants,Foreigners,0.0,0.0,0.0,0.0,0.0,0.0,0.0,0.0,0.0,0.0,0.0,0.0,0.0,0.0,0.0,0.0,0.0,0.0,0.0,6810.0,4227.0,11323.0,43648.0,57438.0,50804.0,58576.0,66125.0,102511.0,83077.0,53876.0,30050.0,18973.0,27572.0,24798.0,615010.0
Czech Republic,Residence,Emigrants,Both,0.0,0.0,0.0,0.0,0.0,0.0,0.0,0.0,0.0,0.0,0.0,0.0,0.0,7416.0,264.0,540.0,728.0,804.0,0.0,1136.0,1263.0,21469.0,32389.0,34226.0,34818.0,24065.0,33463.0,20500.0,51478.0,61782.0,61069.0,55910.0,46106.0,25894.0,489426.0
Czech Republic,Residence,Immigrants,Both,0.0,0.0,0.0,0.0,0.0,0.0,0.0,0.0,0.0,0.0,0.0,0.0,0.0,0.0,10207.0,10540.0,10857.0,12880.0,0.0,9910.0,7802.0,12918.0,44679.0,60015.0,53453.0,60294.0,68183.0,104445.0,108267.0,75620.0,48317.0,27114.0,34337.0,30124.0,759838.0
Denmark,Citizenship,Emigrants,Citizens,17979.0,18650.0,17991.0,16849.0,16890.0,17662.0,18666.0,19981.0,23893.0,25447.0,23528.0,22167.0,22557.0,22350.0,23819.0,23521.0,24355.0,24336.0,24693.0,25098.0,26887.0,26688.0,25731.0,25272.0,25936.0,26249.0,26339.0,23771.0,15730.0,14379.0,14661.0,15031.0,14753.0,13572.0,711859.0
Denmark,Citizenship,Emigrants,Foreigners,11845.0,11077.0,10014.0,9122.0,8305.0,9171.0,9375.0,10066.0,10455.0,9273.0,8645.0,10185.0,9081.0,9814.0,10891.0,11198.0,12809.0,14033.0,15647.0,16242.0,16530.0,17292.0,17750.0,18194.0,19081.0,19620.0,20447.0,17795.0,22626.0,25520.0,26795.0,26562.0,28910.0,29738.0,494370.0
Denmark,Citizenship,Immigrants,Citizens,14526.0,14513.0,15255.0,15958.0,15742.0,16012.0,16389.0,16239.0,16605.0,19180.0,21000.0,21445.0,21893.0,22921.0,23984.0,24041.0,22918.0,22694.0,22542.0,22353.0,22105.0,22330.0,22181.0,22062.0,21990.0,22469.0,22469.0,22033.0,19851.0,19281.0,18508.0,18261.0,18644.0,18970.0,658394.0
Denmark,Citizenship,Immigrants,Foreigners,15282.0,12982.0,12606.0,11433.0,12900.0,19219.0,20052.0,18217.0,16756.0,16996.0,17739.0,19744.0,19539.0,19623.0,20469.0,38238.0,28914.0,26953.0,28830.0,27883.0,30810.0,33654.0,30597.0,27692.0,27870.0,29989.0,34281.0,42623.0,37506.0,32519.0,33728.0,34572.0,35765.0,41342.0,835981.0
Denmark,Residence,Emigrants,Both,29913.0,29719.0,28328.0,25999.0,25053.0,26715.0,27928.0,30123.0,34544.0,34949.0,32383.0,32629.0,31915.0,32344.0,34710.0,34630.0,37312.0,38393.0,40340.0,41340.0,43417.0,43980.0,43481.0,43466.0,45017.0,45869.0,46786.0,41566.0,38356.0,39899.0,41456.0,41593.0,43663.0,43310.0,1207816.0
Denmark,Residence,Immigrants,Both,30311.0,27874.0,28223.0,27718.0,29035.0,36214.0,38932.0,36296.0,35051.0,38391.0,40715.0,43567.0,43377.0,43400.0,44961.0,63187.0,54445.0,50105.0,51372.0,50236.0,52915.0,55984.0,52778.0,49754.0,49860.0,52458.0,56750.0,64656.0,57357.0,51800.0,52236.0,52833.0,54409.0,60312.0,1517200.0
Estonia,Citizenship,Emigrants,Citizens,0.0,0.0,0.0,0.0,0.0,0.0,0.0,0.0,0.0,0.0,0.0,0.0,0.0,0.0,0.0,0.0,0.0,0.0,800.0,710.0,0.0,0.0,0.0,0.0,2279.0,3964.0,4964.0,3940.0,3860.0,3972.0,4665.0,5608.0,5968.0,6414.0,40730.0
Estonia,Citizenship,Emigrants,Foreigners,0.0,0.0,0.0,0.0,0.0,0.0,0.0,0.0,0.0,0.0,0.0,0.0,0.0,0.0,0.0,0.0,0.0,0.0,1707.0,1172.0,1784.0,2175.0,2038.0,3073.0,648.0,646.0,563.0,444.0,546.0,686.0,629.0,606.0,353.0,326.0,17070.0
Estonia,Citizenship,Immigrants,Citizens,0.0,0.0,0.0,0.0,0.0,0.0,0.0,0.0,0.0,0.0,0.0,0.0,0.0,0.0,0.0,0.0,0.0,0.0,556.0,599.0,0.0,0.0,0.0,0.0,338.0,455.0,746.0,1789.0,1742.0,1655.0,1611.0,2034.0,1532.0,2472.0,13057.0
Estonia,Citizenship,Immigrants,Foreigners,0.0,0.0,0.0,0.0,0.0,0.0,0.0,0.0,0.0,0.0,0.0,0.0,0.0,0.0,0.0,0.0,0.0,0.0,663.0,599.0,35.0,241.0,575.0,967.0,759.0,981.0,1488.0,1952.0,1929.0,2229.0,1199.0,1675.0,1107.0,1637.0,16399.0
Estonia,Residence,Emigrants,Both,0.0,0.0,0.0,0.0,0.0,0.0,0.0,0.0,0.0,0.0,0.0,0.0,0.0,0.0,0.0,0.0,0.0,0.0,2507.0,1882.0,1784.0,2175.0,2038.0,3073.0,2927.0,4610.0,5527.0,4384.0,4406.0,4658.0,5294.0,6214.0,6321.0,6740.0,57800.0
Estonia,Residence,Immigrants,Both,0.0,0.0,0.0,0.0,0.0,0.0,0.0,0.0,0.0,0.0,0.0,0.0,2587.0,1967.0,1396.0,1229.0,1114.0,1156.0,1219.0,1198.0,35.0,241.0,575.0,967.0,1097.0,1436.0,2234.0,3741.0,3671.0,3884.0,2810.0,3709.0,2639.0,4109.0,38905.0
Finland,Citizenship,Emigrants,Citizens,0.0,0.0,0.0,5860.0,6559.0,6777.0,7056.0,7291.0,7312.0,6463.0,5539.0,4867.0,4570.0,4887.0,7138.0,7441.0,7578.0,8272.0,9126.0,9966.0,10183.0,10996.0,10134.0,9805.0,9470.0,9737.0,9394.0,9330.0,9161.0,8114.0,8782.0,9326.0,9619.0,9658.0,240753.0
Finland,Citizenship,Emigrants,Foreigners,0.0,0.0,0.0,852.0,777.0,833.0,957.0,945.0,925.0,747.0,841.0,984.0,1270.0,1322.0,1363.0,1322.0,2542.0,1501.0,1691.0,2000.0,4128.0,2157.0,2757.0,2278.0,4186.0,2632.0,2713.0,3113.0,4496.0,4037.0,3123.0,3334.0,4226.0,4235.0,64052.0
Finland,Citizenship,Immigrants,Citizens,0.0,0.0,0.0,10817.0,8979.0,7875.0,7212.0,6344.0,6473.0,7013.0,7066.0,5763.0,4204.0,3921.0,3978.0,4877.0,5755.0,5417.0,5852.0,6807.0,7785.0,7918.0,8141.0,8406.0,8822.0,8611.0,8583.0,8525.0,9208.0,8612.0,7424.0,9065.0,7944.0,8068.0,217397.0
Finland,Citizenship,Immigrants,Foreigners,0.0,0.0,0.0,2401.0,2398.0,2286.0,2259.0,2315.0,2745.0,3685.0,4594.0,7505.0,10152.0,9062.0,7548.0,7279.0,7468.0,8143.0,8340.0,7937.0,9110.0,11037.0,9972.0,9432.0,11511.0,12744.0,13868.0,17504.0,19906.0,18087.0,18212.0,20416.0,23334.0,23873.0,291250.0
Finland,Residence,Emigrants,Both,14824.0,10034.0,7402.0,6817.0,7467.0,7737.0,8269.0,8475.0,8447.0,7374.0,6477.0,5984.0,6055.0,6405.0,8672.0,8957.0,10587.0,9854.0,10817.0,11966.0,14311.0,13153.0,12891.0,12083.0,13656.0,12369.0,12107.0,12443.0,13657.0,12151.0,11905.0,12660.0,13845.0,13893.0,339851.0
Finland,Residence,Immigrants,Both,13626.0,15771.0,14661.0,13629.0,11686.0,10465.0,9927.0,9142.0,9720.0,11219.0,13558.0,19001.0,14554.0,14795.0,11611.0,12222.0,13294.0,13564.0,14192.0,14744.0,16895.0,18955.0,18113.0,17838.0,20333.0,21355.0,22451.0,26029.0,29114.0,26699.0,25636.0,29481.0,31278.0,31941.0,565558.0
France,Citizenship,Emigrants,Citizens,0.0,0.0,0.0,0.0,0.0,0.0,0.0,0.0,0.0,0.0,0.0,0.0,0.0,0.0,0.0,0.0,0.0,0.0,0.0,0.0,0.0,0.0,0.0,0.0,0.0,0.0,92807.0,107973.0,115102.0,127023.0,147533.0,210513.0,190453.0,154608.0,991404.0
France,Citizenship,Emigrants,Foreigners,0.0,0.0,0.0,0.0,0.0,0.0,0.0,0.0,0.0,0.0,0.0,0.0,0.0,0.0,0.0,0.0,0.0,0.0,0.0,0.0,0.0,0.0,0.0,0.0,0.0,0.0,96596.0,112381.0,124694.0,137608.0,121998.0,81081.0,105098.0,146152.0,779456.0
France,Citizenship,Immigrants,Both,0.0,0.0,0.0,0.0,0.0,0.0,0.0,0.0,0.0,0.0,0.0,0.0,0.0,0.0,0.0,0.0,0.0,0.0,0.0,0.0,0.0,0.0,0.0,0.0,0.0,0.0,301544.0,293980.0,296608.0,296970.0,307111.0,319816.0,327431.0,332640.0,2143460.0
France,Residence,Emigrants,Both,0.0,0.0,0.0,0.0,0.0,0.0,0.0,0.0,0.0,0.0,0.0,0.0,0.0,0.0,0.0,0.0,0.0,0.0,0.0,0.0,0.0,0.0,0.0,0.0,0.0,0.0,189403.0,220354.0,239796.0,264631.0,269531.0,291594.0,295551.0,300760.0,1770860.0
France,Residence,Immigrants,Both,0.0,0.0,0.0,0.0,0.0,0.0,0.0,0.0,0.0,0.0,0.0,0.0,0.0,0.0,0.0,0.0,0.0,0.0,0.0,57846.0,0.0,0.0,0.0,0.0,0.0,0.0,301544.0,293980.0,296608.0,296970.0,307111.0,319816.0,327431.0,332640.0,2201306.0
Germany,Citizenship,Emigrants,Citizens,53728.0,55001.0,60227.0,62305.0,59764.0,58607.0,59350.0,66832.0,62858.0,106690.0,144557.0,98915.0,105171.0,104653.0,138280.0,130672.0,118430.0,109903.0,116403.0,116410.0,111244.0,109507.0,117683.0,127267.0,150667.0,144815.0,155290.0,161105.0,174759.0,0.0,0.0,0.0,0.0,0.0,3081093.0
Germany,Citizenship,Emigrants,Foreigners,341296.0,371057.0,385814.0,381361.0,505055.0,330507.0,314521.0,303407.0,326887.0,395739.0,395226.0,414190.0,478359.0,612322.0,544390.0,509920.0,509983.0,573198.0,638955.0,555638.0,562794.0,496987.0,505572.0,499063.0,546965.0,483584.0,483774.0,475749.0,563130.0,0.0,0.0,0.0,0.0,0.0,13505443.0
Germany,Citizenship,Immigrants,Citizens,104929.0,104450.0,82337.0,79927.0,79247.0,82653.0,88867.0,141546.0,255342.0,751419.0,809229.0,273633.0,290850.0,287561.0,305037.0,303347.0,251737.0,225335.0,196956.0,200150.0,191909.0,193958.0,184202.0,167216.0,177993.0,128051.0,103388.0,106014.0,108331.0,79165.0,85527.0,89438.0,87245.0,83229.0,6616989.0
Germany,Citizenship,Immigrants,Foreigners,581908.0,461803.0,295539.0,254225.0,308833.0,370776.0,445159.0,436154.0,589580.0,705457.0,724848.0,639769.0,876450.0,813209.0,699562.0,730759.0,659014.0,579040.0,605500.0,673873.0,649249.0,685259.0,658341.0,601759.0,602182.0,579301.0,558467.0,574752.0,573815.0,267051.0,318528.0,399984.0,504930.0,609484.0,18425076.0
Germany,Residence,Emigrants,Both,439571.0,470525.0,493495.0,487268.0,604832.0,425313.0,407139.0,400816.0,421947.0,544967.0,610595.0,582240.0,701424.0,796859.0,740525.0,698113.0,677494.0,746969.0,755358.0,685635.0,674038.0,606494.0,623255.0,626330.0,697632.0,628399.0,639064.0,636854.0,737889.0,286582.0,252456.0,249045.0,240001.0,259328.0,18589124.0
Germany,Residence,Immigrants,Both,753436.0,625053.0,420754.0,372027.0,457093.0,512108.0,598479.0,614603.0,903892.0,1522190.0,1651593.0,1198978.0,1502198.0,1277408.0,0.0,1096048.0,959691.0,840633.0,802456.0,874023.0,841158.0,879217.0,842543.0,768975.0,780175.0,707352.0,661855.0,680766.0,682146.0,346216.0,404055.0,489422.0,592175.0,692713.0,25658718.0
Greece,Citizenship,Emigrants,Citizens,0.0,0.0,0.0,0.0,0.0,0.0,0.0,0.0,0.0,0.0,0.0,0.0,0.0,0.0,0.0,0.0,0.0,0.0,0.0,0.0,0.0,0.0,0.0,0.0,0.0,0.0,0.0,0.0,19088.0,19799.0,28301.0,53210.0,65264.0,62089.0,185662.0
Greece,Citizenship,Emigrants,Foreigners,0.0,0.0,0.0,0.0,0.0,0.0,0.0,0.0,0.0,0.0,0.0,0.0,0.0,0.0,0.0,0.0,0.0,0.0,0.0,0.0,0.0,0.0,0.0,0.0,0.0,0.0,0.0,0.0,23956.0,23887.0,33740.0,39194.0,59430.0,55005.0,180207.0
Greece,Citizenship,Immigrants,Citizens,0.0,0.0,0.0,0.0,0.0,0.0,0.0,0.0,0.0,0.0,0.0,0.0,0.0,0.0,0.0,0.0,0.0,0.0,0.0,0.0,0.0,0.0,0.0,0.0,0.0,0.0,0.0,2.0,0.0,22790.0,25078.0,27043.0,26194.0,26644.0,101107.0
Greece,Citizenship,Immigrants,Foreigners,0.0,0.0,0.0,0.0,0.0,0.0,0.0,0.0,0.0,0.0,0.0,0.0,0.0,0.0,0.0,0.0,0.0,0.0,0.0,0.0,0.0,0.0,0.0,0.0,0.0,0.0,0.0,86090.0,133181.0,35823.0,35384.0,33046.0,32006.0,31302.0,355530.0
Greece,Residence,Emigrants,Both,0.0,0.0,0.0,0.0,0.0,0.0,0.0,0.0,0.0,0.0,0.0,0.0,0.0,0.0,0.0,0.0,0.0,0.0,0.0,0.0,0.0,0.0,0.0,0.0,0.0,0.0,0.0,0.0,43044.0,43686.0,62041.0,92404.0,124694.0,117094.0,365869.0
Greece,Residence,Immigrants,Both,0.0,0.0,0.0,0.0,0.0,33729.0,30569.0,34787.0,37322.0,38644.0,42021.0,24346.0,32133.0,27472.0,0.0,20859.0,22214.0,22078.0,12630.0,0.0,0.0,0.0,0.0,0.0,0.0,0.0,0.0,0.0,66529.0,58613.0,60462.0,60089.0,58200.0,57946.0,682697.0
Hungary,Citizenship,Emigrants,Citizens,0.0,0.0,0.0,0.0,0.0,0.0,0.0,0.0,0.0,0.0,0.0,0.0,0.0,0.0,0.0,772.0,809.0,894.0,716.0,361.0,332.0,647.0,738.0,569.0,354.0,338.0,358.0,367.0,5350.0,4883.0,7318.0,12413.0,12964.0,21580.0,50183.0
Hungary,Citizenship,Emigrants,Foreigners,0.0,0.0,0.0,0.0,0.0,0.0,0.0,0.0,0.0,0.0,0.0,0.0,0.0,0.0,0.0,1786.0,2122.0,1462.0,2343.0,2460.0,2208.0,1944.0,2388.0,2553.0,3466.0,3320.0,3956.0,4133.0,4241.0,5600.0,6047.0,2687.0,9916.0,13111.0,62632.0
Hungary,Citizenship,Immigrants,Citizens,0.0,0.0,0.0,0.0,0.0,0.0,0.0,0.0,0.0,0.0,0.0,0.0,0.0,0.0,0.0,1427.0,1250.0,1159.0,1217.0,1271.0,1542.0,1771.0,1883.0,1962.0,2134.0,2238.0,2163.0,1754.0,2105.0,2312.0,1635.0,5504.0,13362.0,17718.0,46689.0
Hungary,Citizenship,Immigrants,Foreigners,0.0,0.0,0.0,0.0,0.0,0.0,0.0,0.0,0.0,0.0,0.0,0.0,0.0,0.0,0.0,11873.0,12082.0,11667.0,16052.0,20151.0,20184.0,20308.0,17972.0,19365.0,22164.0,25582.0,23569.0,22607.0,35547.0,25582.0,23884.0,22514.0,20340.0,21250.0,371443.0
Hungary,Residence,Emigrants,Both,0.0,0.0,0.0,0.0,0.0,0.0,0.0,0.0,0.0,0.0,0.0,0.0,0.0,0.0,0.0,0.0,0.0,0.0,0.0,0.0,0.0,0.0,0.0,0.0,0.0,0.0,0.0,0.0,9591.0,10483.0,13365.0,15100.0,22880.0,34691.0,71419.0
Hungary,Residence,Immigrants,Both,0.0,0.0,0.0,0.0,0.0,0.0,0.0,0.0,0.0,0.0,0.0,0.0,0.0,0.0,0.0,0.0,0.0,0.0,0.0,0.0,0.0,0.0,0.0,0.0,0.0,0.0,0.0,0.0,37652.0,27894.0,25519.0,28018.0,33702.0,38968.0,152785.0
Iceland,Citizenship,Emigrants,Citizens,0.0,0.0,0.0,0.0,0.0,0.0,2479.0,1916.0,1856.0,2883.0,2806.0,1995.0,1775.0,2016.0,2657.0,3566.0,3444.0,3158.0,3021.0,2709.0,2679.0,0.0,0.0,0.0,0.0,0.0,0.0,3395.0,3294.0,3711.0,3415.0,3210.0,3522.0,2808.0,59507.0
Iceland,Citizenship,Emigrants,Foreigners,0.0,0.0,0.0,0.0,0.0,0.0,480.0,481.0,820.0,942.0,1003.0,955.0,1332.0,843.0,739.0,681.0,638.0,741.0,661.0,954.0,810.0,4034.0,4490.0,3837.0,4820.0,3913.0,4577.0,4019.0,5850.0,3163.0,2044.0,1602.0,1236.0,1564.0,55665.0
Iceland,Citizenship,Immigrants,Citizens,0.0,0.0,0.0,0.0,0.0,0.0,2041.0,2598.0,2395.0,1735.0,2055.0,2281.0,1980.0,1749.0,1796.0,1929.0,2406.0,2584.0,2788.0,2867.0,2741.0,2487.0,2360.0,0.0,0.0,0.0,0.0,3228.0,2817.0,1413.0,1678.0,1868.0,2310.0,2802.0,52106.0
Iceland,Citizenship,Immigrants,Foreigners,0.0,0.0,0.0,0.0,0.0,0.0,655.0,993.0,1665.0,986.0,1040.0,1573.0,894.0,909.0,847.0,922.0,1228.0,1360.0,1775.0,1918.0,2462.0,2515.0,1855.0,3704.0,5350.0,7773.0,9832.0,9318.0,7471.0,2508.0,2270.0,2205.0,2650.0,3604.0,76678.0
Iceland,Residence,Emigrants,Both,0.0,0.0,0.0,0.0,0.0,0.0,2964.0,2408.0,2685.0,3841.0,3847.0,2982.0,3213.0,2901.0,3436.0,4285.0,4108.0,3921.0,3682.0,3663.0,3489.0,4034.0,4490.0,0.0,4820.0,3913.0,4577.0,7414.0,9144.0,6874.0,5459.0,4812.0,4758.0,4372.0,111720.0
Iceland,Residence,Immigrants,Both,1796.0,2161.0,2293.0,2154.0,1939.0,1827.0,2703.0,3616.0,4151.0,2755.0,3166.0,3989.0,2959.0,2698.0,2676.0,2867.0,3664.0,3990.0,4563.0,4785.0,5203.0,5002.0,4215.0,3704.0,5350.0,7773.0,9832.0,12546.0,10288.0,3921.0,3948.0,4073.0,4960.0,6406.0,141567.0
Ireland,Citizenship,Emigrants,Citizens,0.0,0.0,0.0,0.0,0.0,0.0,0.0,0.0,0.0,0.0,0.0,0.0,0.0,0.0,0.0,0.0,0.0,0.0,0.0,0.0,0.0,0.0,0.0,0.0,0.0,0.0,13712.0,11207.0,14144.0,21087.0,33842.0,39235.0,43511.0,37301.0,176738.0
Ireland,Citizenship,Emigrants,Foreigners,0.0,0.0,0.0,0.0,0.0,0.0,0.0,0.0,0.0,0.0,0.0,0.0,0.0,0.0,0.0,0.0,0.0,0.0,30775.0,27825.0,26300.0,25750.0,28375.0,27200.0,28675.0,34350.0,30697.0,36833.0,51790.0,48585.0,44257.0,47818.0,45925.0,46490.0,535155.0
Ireland,Citizenship,Immigrants,Citizens,0.0,0.0,0.0,0.0,0.0,0.0,0.0,0.0,0.0,0.0,0.0,0.0,0.0,0.0,0.0,0.0,0.0,0.0,26100.0,25275.0,25925.0,26825.0,19950.0,16850.0,18025.0,14175.0,29622.0,24946.0,22050.0,18262.0,19697.0,19933.0,16548.0,12695.0,324183.0
Ireland,Citizenship,Immigrants,Foreigners,0.0,0.0,0.0,0.0,0.0,0.0,0.0,0.0,0.0,0.0,0.0,0.0,0.0,0.0,0.0,0.0,0.0,0.0,22075.0,26400.0,31475.0,38100.0,41775.0,42025.0,60050.0,87825.0,109812.0,97469.0,60542.0,32342.0,32642.0,33291.0,37891.0,46599.0,753714.0
Ireland,Residence,Emigrants,Both,0.0,0.0,0.0,0.0,0.0,0.0,0.0,40200.0,61100.0,70500.0,56200.0,35300.0,33400.0,35100.0,34800.0,33200.0,31200.0,25400.0,28600.0,27825.0,26300.0,25750.0,28375.0,27200.0,28675.0,34350.0,44409.0,48040.0,65934.0,69672.0,78099.0,87053.0,89436.0,83791.0,1166118.0
Ireland,Residence,Immigrants,Both,0.0,0.0,0.0,0.0,0.0,0.0,0.0,17000.0,19000.0,27000.0,33000.0,33000.0,41000.0,35000.0,30000.0,38000.0,39000.0,45625.0,48175.0,51675.0,57400.0,64925.0,61725.0,58875.0,78075.0,102000.0,139434.0,122415.0,82592.0,50604.0,52339.0,53224.0,54439.0,59294.0,1435522.0
Italy,Citizenship,Emigrants,Citizens,0.0,0.0,0.0,0.0,0.0,0.0,0.0,0.0,0.0,0.0,0.0,51478.0,50226.0,54980.0,59402.0,34886.0,39017.0,38984.0,37952.0,56283.0,47480.0,46901.0,39401.0,50084.0,50830.0,49078.0,58256.0,44880.0,53924.0,48327.0,45954.0,50057.0,67998.0,82095.0,1076378.0
Italy,Citizenship,Emigrants,Foreigners,0.0,0.0,0.0,0.0,0.0,0.0,0.0,0.0,0.0,0.0,0.0,3608.0,3997.0,3798.0,3274.0,5098.0,5043.0,4408.0,7937.0,8590.0,9121.0,9176.0,9982.0,12886.0,14019.0,15951.0,16974.0,20316.0,27023.0,32270.0,32817.0,32404.0,38218.0,43640.0,316910.0
Italy,Citizenship,Immigrants,Citizens,0.0,0.0,0.0,0.0,0.0,0.0,0.0,0.0,0.0,0.0,0.0,56004.0,54849.0,49261.0,46761.0,28472.0,28816.0,30352.0,29771.0,32152.0,34411.0,35416.0,60887.0,45635.0,49810.0,42893.0,43052.0,42818.0,38163.0,36215.0,34357.0,31466.0,29467.0,28433.0,881028.0
Italy,Citizenship,Immigrants,Foreigners,0.0,0.0,0.0,0.0,0.0,0.0,0.0,0.0,0.0,0.0,0.0,36627.0,28427.0,20402.0,18580.0,42362.0,119122.0,112860.0,127114.0,152900.0,192557.0,172836.0,161914.0,424856.0,394756.0,282780.0,254588.0,515201.0,496549.0,406725.0,424499.0,354327.0,321305.0,279021.0,5061287.0
Italy,Residence,Emigrants,Both,0.0,0.0,0.0,0.0,0.0,0.0,49775.0,43669.0,41861.0,65647.0,55989.0,57730.0,56987.0,61282.0,65548.0,43303.0,47510.0,46273.0,45889.0,64873.0,56601.0,56077.0,49383.0,62970.0,64849.0,65029.0,75230.0,65196.0,80947.0,80597.0,78771.0,82461.0,106216.0,125735.0,1670663.0
Italy,Residence,Immigrants,Both,0.0,91495.0,100100.0,98330.0,86915.0,82183.0,75725.0,104459.0,85791.0,81201.0,166754.0,126935.0,113916.0,100401.0,99105.0,96710.0,171967.0,162857.0,156885.0,185052.0,226968.0,208252.0,222801.0,470491.0,444566.0,325673.0,297640.0,558019.0,534712.0,442940.0,458856.0,385793.0,350772.0,307454.0,7114264.0
Kazakhstan,Residence,Emigrants,Both,0.0,0.0,0.0,0.0,0.0,0.0,0.0,0.0,0.0,0.0,0.0,0.0,0.0,0.0,0.0,0.0,0.0,0.0,0.0,0.0,155749.0,141710.0,120223.0,73890.0,65530.0,52139.0,33690.0,42435.0,45287.0,33983.0,0.0,0.0,0.0,0.0,764636.0
Kazakhstan,Residence,Immigrants,Both,0.0,0.0,0.0,0.0,0.0,0.0,0.0,0.0,0.0,0.0,0.0,0.0,0.0,0.0,0.0,0.0,0.0,0.0,0.0,0.0,50166.0,54992.0,59502.0,68503.0,69559.0,75817.0,66747.0,52574.0,44975.0,42032.0,0.0,0.0,0.0,0.0,584867.0
Kyrgyzstan,Citizenship,Emigrants,Citizens,0.0,0.0,0.0,0.0,0.0,0.0,0.0,0.0,0.0,0.0,0.0,0.0,0.0,0.0,0.0,0.0,0.0,0.0,0.0,0.0,0.0,0.0,0.0,0.0,0.0,0.0,33514.0,53745.0,0.0,0.0,0.0,0.0,0.0,0.0,87259.0
Kyrgyzstan,Citizenship,Emigrants,Foreigners,0.0,0.0,0.0,0.0,0.0,0.0,0.0,0.0,0.0,0.0,0.0,0.0,0.0,0.0,0.0,0.0,0.0,0.0,0.0,0.0,0.0,0.0,0.0,0.0,0.0,0.0,909.0,863.0,0.0,0.0,0.0,0.0,0.0,0.0,1772.0
Kyrgyzstan,Residence,Emigrants,Both,0.0,0.0,0.0,0.0,0.0,0.0,0.0,0.0,0.0,0.0,82852.0,71315.0,103728.0,143619.0,71197.0,37302.0,27584.0,19538.0,15671.0,17818.0,27887.0,31633.0,32717.0,21209.0,22607.0,30741.0,34423.0,54608.0,41287.0,0.0,0.0,0.0,0.0,0.0,887736.0
Kyrgyzstan,Residence,Immigrants,Both,0.0,0.0,0.0,0.0,0.0,0.0,0.0,0.0,0.0,0.0,40939.0,37558.0,26275.0,23015.0,20104.0,18368.0,15910.0,12799.0,10219.0,7879.0,5349.0,5048.0,4893.0,4483.0,3284.0,3761.0,3420.0,3955.0,3497.0,0.0,0.0,0.0,0.0,0.0,250756.0
Latvia,Citizenship,Emigrants,Citizens,0.0,0.0,0.0,0.0,0.0,0.0,0.0,0.0,0.0,0.0,0.0,0.0,0.0,0.0,0.0,0.0,0.0,0.0,1663.0,1421.0,1579.0,1335.0,440.0,507.0,712.0,991.0,1920.0,1881.0,3558.0,3918.0,0.0,23630.0,20421.0,19150.0,63976.0
Latvia,Citizenship,Emigrants,Foreigners,0.0,0.0,0.0,0.0,0.0,0.0,0.0,0.0,0.0,0.0,0.0,0.0,0.0,0.0,0.0,0.0,0.0,0.0,7211.0,4477.0,21332.0,23204.0,15397.0,15140.0,19455.0,16652.0,15099.0,13582.0,23487.0,34290.0,39651.0,6681.0,4742.0,3411.0,260400.0
Latvia,Citizenship,Immigrants,Citizens,0.0,0.0,0.0,0.0,0.0,0.0,0.0,0.0,0.0,0.0,0.0,0.0,0.0,0.0,0.0,0.0,0.0,0.0,1248.0,408.0,295.0,303.0,195.0,284.0,428.0,617.0,493.0,986.0,939.0,521.0,0.0,7373.0,9637.0,4774.0,23727.0
Latvia,Citizenship,Immigrants,Foreigners,0.0,0.0,0.0,0.0,0.0,0.0,0.0,0.0,0.0,0.0,0.0,0.0,0.0,0.0,0.0,0.0,0.0,0.0,1875.0,1405.0,6188.0,5073.0,6447.0,3779.0,4416.0,6074.0,7719.0,6531.0,3739.0,3210.0,4011.0,2861.0,3666.0,3525.0,66994.0
Latvia,Residence,Emigrants,Both,0.0,0.0,0.0,0.0,0.0,0.0,0.0,0.0,0.0,0.0,0.0,0.0,0.0,0.0,0.0,16512.0,12828.0,12333.0,8874.0,5898.0,22911.0,24539.0,15836.0,15647.0,20167.0,17643.0,17019.0,15463.0,27045.0,38208.0,39651.0,30311.0,25163.0,22561.0,366048.0
Latvia,Residence,Immigrants,Both,0.0,0.0,0.0,0.0,0.0,0.0,0.0,0.0,0.0,0.0,32285.0,14684.0,6199.0,4114.0,3046.0,2799.0,2747.0,2913.0,3123.0,1813.0,6483.0,5376.0,6642.0,4063.0,4844.0,6691.0,8212.0,7517.0,4678.0,3731.0,4011.0,10234.0,13303.0,8299.0,159508.0
Liechtenstein,Citizenship,Emigrants,Citizens,0.0,0.0,0.0,0.0,0.0,0.0,0.0,0.0,0.0,0.0,0.0,0.0,0.0,0.0,0.0,0.0,0.0,0.0,0.0,0.0,0.0,0.0,0.0,0.0,0.0,0.0,0.0,0.0,0.0,0.0,186.0,207.0,223.0,236.0,616.0
Liechtenstein,Citizenship,Emigrants,Foreigners,0.0,0.0,0.0,0.0,0.0,0.0,0.0,0.0,0.0,0.0,0.0,0.0,0.0,0.0,0.0,0.0,0.0,0.0,0.0,0.0,0.0,0.0,0.0,0.0,0.0,0.0,0.0,0.0,0.0,0.0,242.0,260.0,216.0,261.0,718.0
Liechtenstein,Residence,Emigrants,Both,0.0,0.0,0.0,0.0,0.0,0.0,0.0,0.0,0.0,0.0,0.0,0.0,0.0,0.0,0.0,0.0,0.0,0.0,0.0,1369.0,0.0,0.0,0.0,0.0,0.0,0.0,0.0,0.0,0.0,0.0,428.0,467.0,439.0,497.0,2703.0
Liechtenstein,Residence,Immigrants,Both,0.0,0.0,0.0,0.0,0.0,0.0,0.0,0.0,0.0,0.0,0.0,0.0,0.0,0.0,0.0,0.0,0.0,0.0,0.0,2679.0,0.0,0.0,0.0,0.0,0.0,0.0,0.0,0.0,578.0,584.0,591.0,650.0,671.0,696.0,5753.0
Lithuania,Citizenship,Emigrants,Citizens,0.0,0.0,0.0,0.0,0.0,0.0,0.0,0.0,0.0,0.0,0.0,0.0,0.0,0.0,0.0,0.0,0.0,0.0,1221.0,850.0,2023.0,24014.0,13129.0,22822.0,35279.0,54571.0,29678.0,27592.0,21793.0,33522.0,79315.0,51505.0,38479.0,35492.0,435793.0
Lithuania,Citizenship,Emigrants,Foreigners,0.0,0.0,0.0,0.0,0.0,0.0,0.0,0.0,0.0,0.0,0.0,0.0,0.0,0.0,0.0,0.0,0.0,0.0,909.0,519.0,593.0,3827.0,3590.0,3461.0,2412.0,3314.0,2712.0,2791.0,3957.0,4978.0,3842.0,2358.0,2621.0,3326.0,41884.0
Lithuania,Citizenship,Immigrants,Citizens,0.0,0.0,0.0,0.0,0.0,0.0,0.0,0.0,0.0,0.0,0.0,0.0,0.0,0.0,0.0,0.0,0.0,0.0,1178.0,1035.0,841.0,714.0,809.0,1313.0,3397.0,4705.0,5508.0,6141.0,6337.0,4821.0,4153.0,14012.0,17357.0,18975.0,72321.0
Lithuania,Citizenship,Immigrants,Foreigners,0.0,0.0,0.0,0.0,0.0,0.0,0.0,0.0,0.0,0.0,0.0,0.0,0.0,0.0,0.0,0.0,0.0,0.0,1528.0,1644.0,669.0,3980.0,4301.0,3415.0,2156.0,2084.0,2237.0,2468.0,2960.0,1666.0,1060.0,1673.0,2486.0,3036.0,34327.0
Lithuania,Residence,Emigrants,Both,0.0,0.0,0.0,0.0,0.0,0.0,0.0,0.0,0.0,0.0,0.0,0.0,0.0,0.0,0.0,0.0,0.0,0.0,2130.0,1369.0,2616.0,27841.0,16719.0,26283.0,37691.0,57885.0,32390.0,30383.0,25750.0,38500.0,83157.0,53863.0,41100.0,38818.0,477677.0
Lithuania,Residence,Immigrants,Both,0.0,0.0,0.0,0.0,0.0,0.0,0.0,0.0,0.0,0.0,0.0,0.0,6640.0,2850.0,1664.0,2020.0,3025.0,2536.0,2706.0,2679.0,1510.0,4694.0,5110.0,4728.0,5553.0,6789.0,7745.0,8609.0,9297.0,6487.0,5213.0,15685.0,19843.0,22011.0,125383.0
Luxembourg,Citizenship,Emigrants,Citizens,0.0,0.0,0.0,0.0,0.0,0.0,0.0,0.0,0.0,0.0,0.0,0.0,0.0,0.0,0.0,0.0,0.0,0.0,858.0,1172.0,1096.0,1199.0,1183.0,886.0,983.0,1117.0,1323.0,2033.0,2100.0,1848.0,1651.0,1793.0,1844.0,1817.0,21086.0
Luxembourg,Citizenship,Emigrants,Foreigners,5537.0,5982.0,6209.0,5726.0,4826.0,5310.0,4957.0,4351.0,4555.0,4625.0,4694.0,5015.0,4725.0,4059.0,4398.0,4082.0,4583.0,4770.0,6716.0,6903.0,7025.0,7625.0,8269.0,6860.0,7497.0,7170.0,7678.0,8641.0,7958.0,7320.0,7651.0,7471.0,8598.0,8933.0,201786.0
Luxembourg,Citizenship,Immigrants,Citizens,0.0,0.0,0.0,0.0,0.0,0.0,0.0,0.0,0.0,0.0,0.0,0.0,0.0,0.0,0.0,0.0,0.0,0.0,1025.0,1018.0,973.0,1080.0,1113.0,604.0,627.0,638.0,621.0,909.0,957.0,1116.0,1148.0,1160.0,1039.0,1301.0,14028.0
Luxembourg,Citizenship,Immigrants,Foreigners,0.0,0.0,0.0,0.0,0.0,0.0,0.0,0.0,0.0,0.0,0.0,0.0,0.0,0.0,0.0,0.0,0.0,0.0,10472.0,11032.0,11220.0,11605.0,11422.0,12510.0,12494.0,13962.0,14039.0,16338.0,17412.0,15537.0,16701.0,20057.0,20209.0,20836.0,215010.0
Luxembourg,Residence,Emigrants,Both,0.0,0.0,0.0,0.0,0.0,0.0,0.0,0.0,0.0,0.0,0.0,0.0,0.0,0.0,0.0,0.0,0.0,0.0,7574.0,8075.0,8121.0,8824.0,9452.0,7746.0,8480.0,8287.0,9001.0,10674.0,10058.0,9168.0,9302.0,9264.0,10442.0,10750.0,134468.0
Luxembourg,Residence,Immigrants,Both,5080.0,5336.0,5367.0,5427.0,5340.0,6582.0,7448.0,8248.0,9064.0,9143.0,10281.0,10913.0,10696.0,9857.0,10030.0,10325.0,10027.0,0.0,11630.0,12794.0,11765.0,12135.0,12101.0,13158.0,12872.0,14397.0,14352.0,16675.0,17758.0,15751.0,16962.0,20268.0,20478.0,21098.0,362260.0
Malta,Citizenship,Emigrants,Citizens,0.0,0.0,0.0,0.0,0.0,0.0,0.0,0.0,0.0,0.0,0.0,0.0,0.0,0.0,0.0,0.0,0.0,0.0,0.0,0.0,0.0,0.0,0.0,0.0,0.0,0.0,1079.0,1350.0,1296.0,1383.0,1340.0,1359.0,1098.0,1333.0,8905.0
Malta,Citizenship,Emigrants,Foreigners,0.0,0.0,0.0,0.0,0.0,0.0,0.0,0.0,0.0,0.0,0.0,0.0,0.0,0.0,0.0,0.0,0.0,0.0,0.0,0.0,0.0,0.0,0.0,0.0,0.0,0.0,829.0,3679.0,2423.0,2485.0,2861.0,2447.0,2907.0,3871.0,17631.0
Malta,Residence,Emigrants,Both,0.0,0.0,0.0,0.0,0.0,0.0,0.0,0.0,0.0,0.0,0.0,0.0,0.0,0.0,0.0,0.0,0.0,0.0,121.0,67.0,67.0,0.0,96.0,0.0,0.0,0.0,1908.0,5029.0,3719.0,3868.0,4201.0,3806.0,4005.0,5204.0,26887.0
Malta,Residence,Immigrants,Both,0.0,0.0,0.0,0.0,0.0,0.0,0.0,0.0,0.0,0.0,0.0,0.0,0.0,0.0,0.0,0.0,0.0,937.0,349.0,339.0,22.0,162.0,0.0,0.0,0.0,0.0,1829.0,6730.0,6043.0,6161.0,4275.0,5465.0,7111.0,8428.0,39423.0
Netherlands,Citizenship,Emigrants,Citizens,36423.0,38636.0,40625.0,33510.0,32603.0,32297.0,32847.0,32862.0,35888.0,40845.0,39059.0,38888.0,38680.0,40584.0,42807.0,48500.0,49546.0,47554.0,39175.0,38358.0,40474.0,42921.0,45571.0,47015.0,51500.0,59415.0,64552.0,62250.0,59364.0,52817.0,51872.0,57155.0,56181.0,57090.0,1470774.0
Netherlands,Citizenship,Emigrants,Foreigners,24081.0,25674.0,29680.0,28845.0,27791.0,25972.0,26497.0,27660.0,27696.0,30675.0,29248.0,31144.0,34386.0,33541.0,35846.0,33670.0,41672.0,33913.0,21266.0,20665.0,20727.0,20397.0,21157.0,21870.0,23549.0,23984.0,26476.0,29037.0,30703.0,40008.0,44098.0,47046.0,54250.0,55535.0,993224.0
Netherlands,Citizenship,Immigrants,Citizens,32684.0,29767.0,29810.0,30321.0,29616.0,33196.0,34585.0,35080.0,32976.0,33529.0,36086.0,35912.0,33904.0,31581.0,30887.0,29128.0,31572.0,33124.0,40706.0,40786.0,41467.0,38897.0,34631.0,30948.0,28898.0,28882.0,33493.0,36561.0,40160.0,36992.0,38019.0,37762.0,36377.0,36319.0,1128337.0
Netherlands,Citizenship,Immigrants,Foreigners,74606.0,46714.0,37852.0,34843.0,35046.0,43414.0,49225.0,60027.0,57291.0,63993.0,79373.0,81156.0,77782.0,83126.0,65964.0,65594.0,76537.0,76285.0,81701.0,78365.0,91383.0,94507.0,86619.0,73566.0,65121.0,63415.0,67657.0,80258.0,103356.0,85925.0,88757.0,92356.0,88189.0,93109.0,2350003.0
Netherlands,Residence,Emigrants,Both,0.0,0.0,0.0,0.0,0.0,0.0,0.0,0.0,0.0,0.0,0.0,0.0,0.0,0.0,0.0,0.0,0.0,0.0,60441.0,59023.0,61201.0,63318.0,66728.0,68885.0,75049.0,83399.0,91028.0,91287.0,90067.0,0.0,0.0,0.0,110431.0,112625.0,920857.0
Netherlands,Residence,Immigrants,Both,112504.0,80183.0,70740.0,66762.0,66907.0,79362.0,87387.0,95935.0,91238.0,98914.0,117350.0,120249.0,116926.0,119154.0,92143.0,96099.0,108749.0,109860.0,122407.0,119151.0,132850.0,133404.0,121250.0,104514.0,94019.0,92297.0,101150.0,116819.0,143516.0,122917.0,126776.0,130118.0,124566.0,129428.0,3516216.0
New Zealand,Citizenship,Emigrants,Citizens,53348.0,48952.0,37588.0,24941.0,30331.0,43894.0,50093.0,49019.0,58017.0,49670.0,35959.0,30603.0,30808.0,30440.0,34008.0,37418.0,40743.0,44273.0,48273.0,53215.0,58680.0,56031.0,42112.0,38859.0,43190.0,49201.0,47616.0,55645.0,60602.0,41558.0,0.0,0.0,0.0,0.0,1325087.0
New Zealand,Citizenship,Emigrants,Foreigners,15434.0,12728.0,9535.0,8879.0,9777.0,10771.0,10212.0,10555.0,12638.0,11809.0,11477.0,13366.0,12630.0,10600.0,10472.0,11625.0,13414.0,15704.0,16137.0,15486.0,15534.0,15242.0,15531.0,18766.0,21969.0,22561.0,20320.0,21270.0,22844.0,23419.0,0.0,0.0,0.0,0.0,440705.0
New Zealand,Citizenship,Immigrants,Citizens,24500.0,24755.0,25389.0,24304.0,20156.0,18511.0,21558.0,24539.0,21518.0,24321.0,28981.0,24596.0,22108.0,22584.0,23122.0,23363.0,22830.0,22145.0,21299.0,22551.0,20763.0,23465.0,25417.0,27691.0,25069.0,24165.0,24018.0,22969.0,23553.0,26084.0,0.0,0.0,0.0,0.0,706324.0
New Zealand,Citizenship,Immigrants,Foreigners,20702.0,20241.0,20246.0,17708.0,16886.0,16876.0,20062.0,23817.0,24813.0,24718.0,26856.0,24673.0,24087.0,32369.0,40660.0,53342.0,55528.0,45283.0,36869.0,36822.0,42183.0,57624.0,70581.0,65065.0,55577.0,54996.0,58874.0,59741.0,64083.0,60504.0,0.0,0.0,0.0,0.0,1171786.0
New Zealand,Residence,Emigrants,Foreigners,68849.0,61768.0,47217.0,33871.0,40194.0,54737.0,60381.0,59633.0,70725.0,61535.0,47514.0,44181.0,43504.0,41096.0,44525.0,49077.0,54212.0,60012.0,64485.0,68772.0,74306.0,71368.0,57753.0,57754.0,65371.0,71992.0,68123.0,77081.0,83649.0,65157.0,72018.0,86042.0,86420.0,71497.0,2013322.0
New Zealand,Residence,Immigrants,Foreigners,45256.0,45036.0,45675.0,42156.0,37053.0,35395.0,41629.0,48373.0,46529.0,49260.0,56482.0,50578.0,48144.0,55081.0,64382.0,77563.0,79005.0,67636.0,58220.0,59743.0,62994.0,81094.0,95951.0,92660.0,80479.0,78963.0,82732.0,82572.0,87463.0,86410.0,82469.0,84187.0,85255.0,93965.0,2136425.0
Norway,Citizenship,Emigrants,Citizens,7417.0,7270.0,7510.0,7823.0,8310.0,8108.0,8321.0,8789.0,10501.0,16737.0,14016.0,9881.0,8744.0,8452.0,9892.0,10320.0,10558.0,11223.0,10876.0,10152.0,11923.0,11093.0,0.0,0.0,9415.0,9081.0,9563.0,8798.0,6567.0,7675.0,9678.0,8750.0,8171.0,8712.0,295614.0
Norway,Citizenship,Emigrants,Foreigners,7160.0,7152.0,7119.0,7861.0,7546.0,7427.0,8358.0,8506.0,9081.0,10428.0,9264.0,7865.0,7338.0,9256.0,8662.0,8728.0,9874.0,9927.0,12005.0,12690.0,14931.0,15216.0,22948.0,24672.0,13856.0,12628.0,12490.0,13324.0,6409.0,9397.0,16157.0,11599.0,14522.0,17811.0,364396.0
Norway,Citizenship,Immigrants,Citizens,6943.0,6637.0,6478.0,6973.0,6851.0,6952.0,7662.0,7356.0,6923.0,7463.0,9800.0,10209.0,9581.0,9416.0,9044.0,9196.0,9211.0,9931.0,9957.0,9611.0,8757.0,8852.0,9334.0,9170.0,8618.0,8793.0,8351.0,8276.0,6436.0,7303.0,9591.0,7618.0,6704.0,7006.0,273997.0
Norway,Citizenship,Immigrants,Foreigners,11668.0,12881.0,13815.0,12914.0,12680.0,14691.0,16316.0,22937.0,22137.0,17254.0,14528.0,14470.0,14436.0,20464.0,17072.0,15855.0,16997.0,21794.0,26747.0,32230.0,27785.0,25411.0,30788.0,26787.0,27864.0,31355.0,37425.0,53498.0,51687.0,48650.0,59623.0,62719.0,63204.0,61307.0,898682.0
Norway,Residence,Emigrants,Both,14705.0,14522.0,14728.0,15778.0,15927.0,15630.0,16745.0,17380.0,19821.0,27300.0,23784.0,18238.0,16801.0,18903.0,19475.0,19312.0,20590.0,21257.0,22881.0,22842.0,26854.0,0.0,22948.0,24672.0,23271.0,21709.0,22053.0,22122.0,12976.0,17072.0,25835.0,20349.0,22693.0,26523.0,639173.0
Norway,Residence,Immigrants,Both,18776.0,19698.0,20468.0,20063.0,19688.0,21858.0,24196.0,31149.0,29964.0,25847.0,25494.0,26283.0,26743.0,31711.0,26911.0,25678.0,26407.0,31957.0,36704.0,41841.0,36493.0,34264.0,40122.0,35957.0,36482.0,40148.0,45776.0,61774.0,58123.0,55953.0,69214.0,70337.0,69908.0,68313.0,1185987.0
Poland,Citizenship,Emigrants,Citizens,0.0,0.0,0.0,0.0,0.0,0.0,0.0,0.0,0.0,0.0,0.0,0.0,0.0,0.0,0.0,0.0,0.0,0.0,21041.0,21507.0,26978.0,23330.0,24510.0,20796.0,18782.0,22174.0,46745.0,35301.0,67329.0,178915.0,169527.0,214758.0,206693.0,226969.0,1098386.0
Poland,Citizenship,Emigrants,Foreigners,0.0,0.0,0.0,0.0,0.0,0.0,0.0,0.0,0.0,0.0,0.0,0.0,0.0,0.0,0.0,0.0,0.0,0.0,72.0,29.0,21.0,38.0,22.0,17.0,95.0,68.0,191.0,179.0,7009.0,50405.0,48599.0,51040.0,68910.0,49477.0,226695.0
Poland,Citizenship,Immigrants,Citizens,0.0,0.0,0.0,0.0,0.0,0.0,0.0,0.0,0.0,0.0,0.0,0.0,0.0,0.0,0.0,0.0,0.0,0.0,6920.0,7052.0,6921.0,6270.0,6328.0,6548.0,8253.0,8228.0,8978.0,13384.0,35891.0,142348.0,107378.0,101945.0,135910.0,131431.0,602354.0
Poland,Citizenship,Immigrants,Foreigners,0.0,0.0,0.0,0.0,0.0,0.0,0.0,0.0,0.0,0.0,0.0,0.0,0.0,0.0,0.0,0.0,0.0,0.0,1612.0,473.0,410.0,355.0,259.0,500.0,1242.0,1136.0,1824.0,1611.0,11989.0,46818.0,47753.0,55114.0,81636.0,88880.0,252732.0
Poland,Residence,Emigrants,Both,0.0,0.0,0.0,0.0,0.0,0.0,0.0,0.0,0.0,0.0,0.0,0.0,0.0,0.0,0.0,0.0,0.0,0.0,22177.0,21536.0,26999.0,23368.0,24532.0,20813.0,18877.0,22242.0,46936.0,35480.0,74338.0,229320.0,218126.0,265798.0,275603.0,276446.0,1326145.0
Poland,Residence,Immigrants,Both,0.0,0.0,0.0,0.0,0.0,0.0,0.0,0.0,0.0,0.0,2626.0,5040.0,6515.0,5924.0,0.0,0.0,0.0,0.0,8532.0,7525.0,7331.0,6625.0,6587.0,7048.0,9495.0,9364.0,10802.0,14995.0,15379.0,189166.0,155131.0,157059.0,217546.0,220311.0,842690.0
Portugal,Citizenship,Emigrants,Citizens,0.0,0.0,0.0,0.0,0.0,0.0,0.0,0.0,0.0,0.0,0.0,0.0,0.0,0.0,0.0,0.0,0.0,0.0,0.0,0.0,0.0,0.0,0.0,0.0,0.0,0.0,0.0,0.0,18372.0,14138.0,21796.0,41443.0,49458.0,50835.0,145207.0
Portugal,Citizenship,Emigrants,Foreigners,0.0,0.0,0.0,0.0,0.0,0.0,0.0,0.0,0.0,0.0,0.0,0.0,0.0,0.0,0.0,0.0,0.0,0.0,11100.0,14040.0,10660.0,9800.0,9300.0,8900.0,10680.0,10800.0,12700.0,26800.0,1985.0,2761.0,1964.0,2555.0,2500.0,2951.0,136545.0
Portugal,Citizenship,Immigrants,Citizens,0.0,0.0,0.0,0.0,0.0,0.0,0.0,0.0,0.0,0.0,0.0,0.0,0.0,0.0,0.0,0.0,0.0,0.0,0.0,0.0,0.0,0.0,0.0,0.0,0.0,0.0,0.0,0.0,9586.0,17883.0,19222.0,11872.0,9334.0,12156.0,67897.0
Portugal,Citizenship,Immigrants,Foreigners,0.0,0.0,0.0,0.0,0.0,0.0,0.0,0.0,0.0,0.0,0.0,0.0,13735.0,9852.0,5653.0,5025.0,3644.0,2563.0,43100.0,52040.0,57660.0,74800.0,79300.0,72400.0,57920.0,49200.0,38800.0,46300.0,20132.0,14424.0,8353.0,7795.0,5272.0,5398.0,667968.0
Portugal,Residence,Emigrants,Both,0.0,0.0,0.0,0.0,0.0,0.0,0.0,0.0,0.0,0.0,0.0,0.0,0.0,0.0,0.0,0.0,0.0,0.0,11100.0,14040.0,10660.0,9800.0,9300.0,8900.0,10680.0,10800.0,12700.0,26800.0,20357.0,16899.0,23760.0,43998.0,51958.0,53786.0,281752.0
Portugal,Residence,Immigrants,Both,0.0,0.0,0.0,0.0,0.0,0.0,0.0,0.0,0.0,0.0,0.0,0.0,13735.0,9852.0,5653.0,5025.0,3644.0,3298.0,43100.0,52040.0,57660.0,74800.0,79300.0,72400.0,57920.0,49200.0,38800.0,46300.0,29718.0,32307.0,27575.0,19667.0,14606.0,17554.0,736600.0
Republic of Moldova,Citizenship,Immigrants,Foreigners,0.0,0.0,0.0,0.0,0.0,0.0,0.0,0.0,0.0,0.0,0.0,0.0,0.0,1764.0,1538.0,1334.0,1552.0,1457.0,1504.0,1513.0,1314.0,1291.0,1294.0,1616.0,1701.0,2053.0,1966.0,2066.0,2745.0,2002.0,2503.0,0.0,0.0,0.0,31213.0
Republic of Moldova,Residence,Emigrants,Both,0.0,0.0,0.0,0.0,0.0,0.0,0.0,0.0,0.0,0.0,0.0,0.0,0.0,0.0,0.0,0.0,0.0,0.0,0.0,0.0,0.0,0.0,0.0,0.0,0.0,0.0,6685.0,7172.0,0.0,0.0,0.0,0.0,0.0,0.0,13857.0
Republic of Moldova,Residence,Immigrants,Both,0.0,0.0,0.0,0.0,0.0,0.0,0.0,0.0,0.0,0.0,0.0,0.0,0.0,0.0,0.0,0.0,0.0,0.0,0.0,0.0,0.0,0.0,0.0,0.0,0.0,0.0,1968.0,2070.0,0.0,0.0,0.0,0.0,0.0,0.0,4038.0
Romania,Citizenship,Emigrants,Citizens,0.0,0.0,0.0,0.0,0.0,0.0,0.0,0.0,0.0,0.0,23888.0,19307.0,18104.0,8814.0,10146.0,18706.0,16767.0,16883.0,15202.0,11283.0,13438.0,9023.0,7465.0,9886.0,11890.0,10301.0,13296.0,8589.0,300465.0,245127.0,196550.0,194090.0,169200.0,154374.0,1348420.0
Romania,Citizenship,Emigrants,Foreigners,0.0,0.0,0.0,0.0,0.0,0.0,0.0,0.0,0.0,0.0,73041.0,24853.0,13048.0,9632.0,7000.0,6969.0,4759.0,3062.0,2334.0,1311.0,1315.0,898.0,689.0,787.0,1192.0,637.0,901.0,241.0,2331.0,1499.0,1435.0,1461.0,986.0,7381.0,160381.0
Romania,Citizenship,Immigrants,Citizens,0.0,0.0,0.0,0.0,0.0,0.0,0.0,0.0,0.0,0.0,0.0,0.0,0.0,0.0,0.0,0.0,0.0,0.0,0.0,0.0,0.0,0.0,0.0,0.0,0.0,0.0,0.0,0.0,126757.0,124936.0,136799.0,138397.0,155613.0,138923.0,682502.0
Romania,Citizenship,Immigrants,Foreigners,0.0,0.0,0.0,0.0,0.0,0.0,0.0,0.0,0.0,0.0,0.0,0.0,0.0,0.0,0.0,0.0,0.0,0.0,0.0,0.0,0.0,0.0,0.0,0.0,0.0,0.0,0.0,0.0,12172.0,10908.0,13086.0,9288.0,11653.0,14723.0,57107.0
Romania,Residence,Emigrants,Both,0.0,0.0,0.0,0.0,0.0,0.0,0.0,0.0,0.0,0.0,96929.0,44160.0,31152.0,18446.0,17146.0,25675.0,21526.0,19945.0,17536.0,12594.0,14753.0,12738.0,10814.0,12744.0,16052.0,13297.0,16672.0,11999.0,302796.0,246626.0,197985.0,195551.0,170186.0,161755.0,1527322.0
Romania,Residence,Immigrants,Both,0.0,0.0,0.0,0.0,0.0,0.0,0.0,0.0,0.0,0.0,0.0,0.0,0.0,0.0,878.0,4458.0,2053.0,6600.0,11907.0,10078.0,11024.0,10350.0,6582.0,3266.0,2987.0,3704.0,7714.0,9575.0,138929.0,8606.0,149885.0,147685.0,167266.0,153646.0,703547.0
Russian Federation,Citizenship,Emigrants,Citizens,0.0,0.0,0.0,0.0,0.0,0.0,0.0,0.0,0.0,0.0,0.0,0.0,0.0,0.0,0.0,0.0,0.0,0.0,0.0,0.0,0.0,0.0,0.0,0.0,0.0,66820.0,51791.0,45071.0,0.0,0.0,0.0,0.0,0.0,0.0,163682.0
Russian Federation,Citizenship,Emigrants,Foreigners,0.0,0.0,0.0,0.0,0.0,0.0,0.0,0.0,0.0,0.0,0.0,0.0,0.0,0.0,0.0,0.0,0.0,0.0,0.0,0.0,0.0,0.0,0.0,0.0,0.0,2978.0,2270.0,1943.0,0.0,0.0,0.0,0.0,0.0,0.0,7191.0
Russian Federation,Citizenship,Immigrants,Citizens,0.0,0.0,0.0,0.0,0.0,0.0,0.0,0.0,0.0,0.0,0.0,0.0,0.0,0.0,0.0,0.0,0.0,0.0,0.0,0.0,0.0,0.0,166325.0,108767.0,106323.0,162646.0,170137.0,218387.0,224986.0,0.0,0.0,0.0,0.0,0.0,1157571.0
Russian Federation,Citizenship,Immigrants,Foreigners,0.0,0.0,0.0,0.0,0.0,0.0,0.0,0.0,0.0,0.0,0.0,0.0,0.0,0.0,0.0,0.0,0.0,0.0,0.0,0.0,0.0,0.0,20061.0,19894.0,13114.0,14584.0,16243.0,68583.0,53305.0,0.0,0.0,0.0,0.0,0.0,205784.0
Russian Federation,Residence,Emigrants,Both,0.0,0.0,0.0,0.0,0.0,0.0,0.0,0.0,0.0,0.0,0.0,675497.0,673143.0,483028.0,337121.0,339600.0,288048.0,232987.0,213377.0,214963.0,145720.0,121166.0,106685.0,94018.0,79795.0,69798.0,54061.0,47013.0,39508.0,32458.0,33577.0,0.0,0.0,0.0,4281563.0
Russian Federation,Residence,Immigrants,Both,0.0,0.0,0.0,0.0,0.0,0.0,0.0,0.0,0.0,0.0,0.0,692238.0,926020.0,923280.0,1146735.0,842050.0,631592.0,597651.0,513551.0,379726.0,359330.0,193450.0,184612.0,129144.0,119157.0,178981.0,188308.0,291675.0,281614.0,279907.0,191656.0,0.0,0.0,0.0,9050677.0
Slovakia,Citizenship,Emigrants,Citizens,0.0,0.0,0.0,0.0,0.0,0.0,0.0,0.0,0.0,0.0,0.0,0.0,0.0,0.0,0.0,0.0,0.0,0.0,0.0,0.0,0.0,851.0,1341.0,1166.0,1523.0,1704.0,1560.0,1574.0,1547.0,1432.0,1512.0,1703.0,1923.0,2732.0,17836.0
Slovakia,Citizenship,Emigrants,Foreigners,0.0,0.0,0.0,0.0,0.0,0.0,0.0,0.0,0.0,0.0,0.0,0.0,0.0,0.0,0.0,0.0,0.0,0.0,746.0,618.0,811.0,160.0,70.0,3611.0,5002.0,1080.0,1524.0,1996.0,3310.0,3321.0,2935.0,160.0,80.0,38.0,25424.0
Slovakia,Citizenship,Immigrants,Citizens,0.0,0.0,0.0,0.0,0.0,0.0,0.0,0.0,0.0,0.0,0.0,0.0,0.0,0.0,0.0,0.0,0.0,0.0,0.0,0.0,0.0,1492.0,1854.0,1989.0,2471.0,1745.0,1302.0,1417.0,1350.0,1205.0,1111.0,1078.0,2479.0,2674.0,19493.0
Slovakia,Citizenship,Immigrants,Foreigners,0.0,0.0,0.0,0.0,0.0,0.0,0.0,0.0,0.0,0.0,0.0,0.0,0.0,0.0,0.0,0.0,0.0,0.0,2052.0,2072.0,2274.0,531.0,458.0,4562.0,7919.0,7665.0,11309.0,14848.0,16470.0,14438.0,12659.0,3751.0,2940.0,2475.0,103948.0
Slovakia,Residence,Emigrants,Both,0.0,0.0,0.0,0.0,0.0,0.0,0.0,0.0,0.0,0.0,0.0,0.0,0.0,7355.0,154.0,213.0,222.0,572.0,746.0,618.0,811.0,1011.0,1411.0,4777.0,6525.0,2784.0,3084.0,3570.0,4857.0,4753.0,4447.0,1863.0,2003.0,2770.0,51776.0
Slovakia,Residence,Immigrants,Both,0.0,0.0,0.0,0.0,0.0,0.0,0.0,0.0,0.0,0.0,0.0,0.0,0.0,9109.0,4923.0,3055.0,2477.0,2303.0,2052.0,2072.0,2274.0,2023.0,2312.0,6551.0,10390.0,9410.0,12611.0,16265.0,17820.0,15643.0,13770.0,4829.0,5419.0,5149.0,145308.0
Slovenia,Citizenship,Emigrants,Citizens,0.0,0.0,0.0,0.0,0.0,0.0,0.0,0.0,0.0,0.0,0.0,0.0,0.0,0.0,0.0,0.0,803.0,807.0,705.0,963.0,1559.0,1442.0,2624.0,1887.0,2265.0,2077.0,2703.0,3178.0,4766.0,3717.0,3905.0,4679.0,8191.0,7789.0,46271.0
Slovenia,Citizenship,Emigrants,Foreigners,0.0,0.0,0.0,0.0,0.0,0.0,0.0,0.0,0.0,0.0,0.0,0.0,0.0,0.0,0.0,0.0,1601.0,3231.0,6003.0,1643.0,2011.0,3369.0,4645.0,3980.0,6004.0,6528.0,11046.0,11765.0,7343.0,15071.0,12032.0,7345.0,6187.0,5595.0,109804.0
Slovenia,Citizenship,Immigrants,Citizens,0.0,0.0,0.0,0.0,0.0,0.0,0.0,0.0,0.0,0.0,0.0,0.0,0.0,0.0,0.0,0.0,1500.0,1093.0,857.0,1362.0,935.0,1030.0,1432.0,1268.0,1574.0,1747.0,1765.0,1689.0,2631.0,2903.0,2711.0,3318.0,2741.0,2250.0,30556.0
Slovenia,Citizenship,Immigrants,Foreigners,0.0,0.0,0.0,0.0,0.0,0.0,0.0,0.0,0.0,0.0,0.0,0.0,0.0,0.0,0.0,0.0,6414.0,4666.0,3746.0,3579.0,5250.0,6773.0,7702.0,8011.0,8597.0,13294.0,18251.0,27504.0,28062.0,27393.0,12705.0,10765.0,12281.0,11621.0,204993.0
Slovenia,Residence,Emigrants,Both,0.0,0.0,0.0,0.0,0.0,0.0,0.0,0.0,0.0,0.0,0.0,0.0,0.0,0.0,0.0,0.0,0.0,0.0,6708.0,2606.0,3570.0,4811.0,7269.0,5867.0,8269.0,8605.0,13749.0,14943.0,12109.0,18788.0,15937.0,12024.0,14378.0,13384.0,149633.0
Slovenia,Residence,Immigrants,Both,0.0,0.0,0.0,0.0,0.0,0.0,0.0,0.0,0.0,0.0,7075.0,5989.0,3461.0,2745.0,1919.0,5879.0,9495.0,7889.0,4603.0,4941.0,6185.0,7803.0,9134.0,9279.0,10171.0,15041.0,20016.0,29193.0,30693.0,30296.0,15416.0,14083.0,15022.0,13871.0,266328.0
Spain,Citizenship,Emigrants,Citizens,0.0,0.0,0.0,0.0,0.0,0.0,0.0,0.0,0.0,0.0,0.0,0.0,0.0,0.0,0.0,0.0,0.0,0.0,0.0,0.0,0.0,0.0,29674.0,36646.0,13156.0,19290.0,22042.0,28091.0,33506.0,35989.0,40157.0,55473.0,57266.0,73329.0,371290.0
Spain,Citizenship,Emigrants,Foreigners,0.0,0.0,0.0,0.0,0.0,0.0,0.0,0.0,0.0,0.0,0.0,0.0,0.0,0.0,0.0,0.0,0.0,0.0,0.0,0.0,0.0,0.0,6931.0,27652.0,41936.0,48721.0,120254.0,198974.0,254926.0,344132.0,363220.0,353561.0,389340.0,458974.0,2149647.0
Spain,Citizenship,Immigrants,Citizens,0.0,0.0,0.0,0.0,0.0,0.0,0.0,0.0,0.0,0.0,0.0,0.0,0.0,0.0,0.0,0.0,0.0,0.0,24032.0,28243.0,31587.0,20724.0,40175.0,79543.0,38717.0,36573.0,37873.0,37732.0,31710.0,27602.0,30425.0,35450.0,31571.0,32422.0,531957.0
Spain,Citizenship,Immigrants,Foreigners,0.0,0.0,0.0,0.0,0.0,0.0,0.0,0.0,0.0,0.0,0.0,0.0,0.0,0.0,0.0,0.0,0.0,0.0,57195.0,99122.0,330881.0,394048.0,443085.0,592723.0,645844.0,682711.0,802971.0,920534.0,567365.0,365360.0,330280.0,335881.0,272482.0,248350.0,6840482.0
Spain,Residence,Emigrants,Both,0.0,0.0,0.0,0.0,0.0,0.0,0.0,0.0,0.0,0.0,0.0,0.0,0.0,0.0,0.0,0.0,0.0,0.0,0.0,0.0,0.0,0.0,36605.0,64298.0,55092.0,68011.0,142296.0,227065.0,288432.0,380121.0,403377.0,409034.0,446606.0,532303.0,2520937.0
Spain,Residence,Immigrants,Both,20859.0,9401.0,15969.0,17477.0,17205.0,20103.0,14088.0,16863.0,24380.0,33910.0,33966.0,24320.0,38882.0,33026.0,34123.0,36092.0,29895.0,57877.0,81227.0,127365.0,362468.0,414772.0,483260.0,672266.0,684561.0,719284.0,840844.0,958266.0,599075.0,392962.0,360705.0,371331.0,304053.0,280772.0,7850875.0
Sweden,Citizenship,Emigrants,Citizens,0.0,0.0,0.0,0.0,0.0,0.0,0.0,0.0,0.0,0.0,0.0,0.0,0.0,0.0,0.0,0.0,0.0,0.0,24381.0,22123.0,21515.0,19439.0,18813.0,19889.0,20565.0,22266.0,24875.0,24990.0,26052.0,20883.0,26792.0,27506.0,25116.0,26112.0,345205.0
Sweden,Citizenship,Emigrants,Foreigners,0.0,0.0,0.0,0.0,0.0,0.0,0.0,0.0,0.0,0.0,0.0,0.0,0.0,0.0,0.0,0.0,0.0,0.0,14137.0,13582.0,12576.0,12702.0,14196.0,15134.0,16021.0,15852.0,20033.0,20428.0,19242.0,18357.0,22061.0,23673.0,26631.0,24603.0,264625.0
Sweden,Citizenship,Immigrants,Citizens,0.0,0.0,0.0,0.0,0.0,0.0,0.0,0.0,0.0,0.0,0.0,0.0,0.0,0.0,0.0,0.0,0.0,0.0,13690.0,15266.0,16030.0,16678.0,16484.0,15807.0,14448.0,13932.0,15352.0,15949.0,17853.0,18517.0,19765.0,20615.0,20462.0,20484.0,250848.0
Sweden,Citizenship,Immigrants,Foreigners,0.0,0.0,0.0,0.0,0.0,0.0,0.0,0.0,0.0,0.0,0.0,0.0,0.0,0.0,0.0,0.0,0.0,0.0,35701.0,34573.0,42629.0,44117.0,47603.0,47988.0,47580.0,51297.0,80398.0,83536.0,83318.0,83763.0,79036.0,75852.0,82597.0,95361.0,919988.0
Sweden,Residence,Emigrants,Both,31066.0,29440.0,28381.0,25269.0,22825.0,22036.0,24495.0,20673.0,21461.0,21484.0,25196.0,24745.0,25726.0,29874.0,32661.0,33984.0,33884.0,38543.0,38518.0,35705.0,34091.0,32141.0,33009.0,35023.0,36586.0,38118.0,44908.0,45418.0,45294.0,39259.0,48890.0,51224.0,51815.0,50769.0,1101742.0
Sweden,Residence,Immigrants,Both,39426.0,32272.0,30381.0,27495.0,31486.0,33127.0,39487.0,42666.0,51092.0,65866.0,60048.0,49731.0,45348.0,61872.0,83598.0,45887.0,39895.0,44818.0,49391.0,49839.0,58659.0,60795.0,64087.0,63795.0,62028.0,65229.0,95750.0,99485.0,101171.0,102280.0,98801.0,96467.0,103059.0,115845.0,1995331.0
Switzerland,Citizenship,Emigrants,Citizens,0.0,0.0,0.0,0.0,0.0,0.0,0.0,0.0,0.0,0.0,0.0,29890.0,30672.0,27489.0,29639.0,30152.0,31449.0,30641.0,30761.0,29024.0,30776.0,25757.0,0.0,0.0,26776.0,27655.0,30479.0,29487.0,27864.0,26800.0,26311.0,29756.0,30026.0,28489.0,581404.0
Switzerland,Citizenship,Emigrants,Foreigners,0.0,0.0,0.0,0.0,0.0,0.0,0.0,0.0,0.0,0.0,0.0,65926.0,77836.0,69944.0,62637.0,64076.0,67273.0,64265.0,64017.0,62780.0,59302.0,56478.0,78425.0,76756.0,52950.0,54435.0,57739.0,60688.0,58266.0,59236.0,70528.0,66738.0,73855.0,77707.0,1424150.0
Switzerland,Citizenship,Immigrants,Citizens,0.0,0.0,0.0,0.0,0.0,0.0,0.0,0.0,0.0,0.0,0.0,31673.0,25299.0,22083.0,22538.0,23010.0,23232.0,22083.0,23753.0,24276.0,26102.0,24331.0,22326.0,20971.0,19354.0,19179.0,20409.0,21779.0,22668.0,22354.0,22283.0,24104.0,24006.0,26054.0,507813.0
Switzerland,Citizenship,Immigrants,Foreigners,0.0,0.0,0.0,0.0,0.0,0.0,0.0,0.0,0.0,0.0,0.0,97572.0,91306.0,88250.0,86975.0,76956.0,64938.0,62700.0,72202.0,83677.0,84200.0,98163.0,103754.0,98812.0,100834.0,99091.0,107177.0,143855.0,161629.0,138269.0,139495.0,124695.0,125045.0,134103.0,2249595.0
Switzerland,Residence,Emigrants,Both,0.0,0.0,0.0,0.0,0.0,0.0,0.0,0.0,0.0,0.0,0.0,0.0,0.0,0.0,0.0,0.0,0.0,0.0,0.0,91804.0,0.0,0.0,0.0,0.0,79726.0,82090.0,88218.0,90175.0,0.0,0.0,0.0,0.0,103881.0,106196.0,535894.0
Switzerland,Residence,Immigrants,Both,0.0,0.0,0.0,0.0,0.0,0.0,0.0,0.0,0.0,0.0,0.0,0.0,0.0,0.0,0.0,113696.0,0.0,0.0,95955.0,107953.0,0.0,0.0,126080.0,119783.0,120188.0,0.0,127586.0,165634.0,0.0,0.0,0.0,148799.0,149051.0,160157.0,1274725.0
The former Yugoslav Republic of Macedonia,Citizenship,Emigrants,Citizens,0.0,0.0,0.0,0.0,0.0,0.0,0.0,0.0,0.0,0.0,0.0,0.0,0.0,0.0,0.0,0.0,0.0,0.0,0.0,0.0,146.0,309.0,0.0,0.0,600.0,1277.0,1061.0,224.0,733.0,0.0,0.0,1141.0,1330.0,0.0,6821.0
The former Yugoslav Republic of Macedonia,Citizenship,Emigrants,Foreigners,0.0,0.0,0.0,0.0,0.0,0.0,0.0,0.0,0.0,0.0,0.0,0.0,0.0,0.0,0.0,0.0,0.0,0.0,0.0,0.0,16.0,3.0,0.0,0.0,69.0,23.0,47.0,16.0,18.0,0.0,0.0,149.0,85.0,0.0,426.0
The former Yugoslav Republic of Macedonia,Residence,Emigrants,Both,0.0,0.0,0.0,0.0,0.0,0.0,0.0,0.0,0.0,0.0,0.0,0.0,0.0,0.0,0.0,0.0,0.0,0.0,0.0,0.0,165.0,0.0,0.0,0.0,669.0,1300.0,1108.0,240.0,751.0,0.0,0.0,1290.0,1415.0,0.0,6938.0
The former Yugoslav Republic of Macedonia,Residence,Immigrants,Both,0.0,0.0,0.0,0.0,0.0,0.0,0.0,0.0,0.0,0.0,0.0,0.0,0.0,0.0,0.0,0.0,850.0,0.0,0.0,0.0,639.0,458.0,2259.0,0.0,1718.0,2671.0,2244.0,1320.0,0.0,0.0,0.0,1464.0,1715.0,0.0,15338.0
Ukraine,Citizenship,Emigrants,Citizens,0.0,0.0,0.0,0.0,0.0,0.0,0.0,0.0,0.0,0.0,0.0,0.0,0.0,0.0,0.0,0.0,0.0,0.0,0.0,0.0,84955.0,77656.0,68050.0,57554.0,41068.0,31963.0,27245.0,0.0,0.0,0.0,0.0,0.0,0.0,0.0,388491.0
Ukraine,Citizenship,Emigrants,Foreigners,0.0,0.0,0.0,0.0,0.0,0.0,0.0,0.0,0.0,0.0,0.0,0.0,0.0,0.0,0.0,0.0,0.0,0.0,0.0,0.0,12740.0,9694.0,7470.0,5679.0,3847.0,2733.0,2513.0,0.0,0.0,0.0,0.0,0.0,0.0,0.0,44676.0
Ukraine,Citizenship,Immigrants,Citizens,0.0,0.0,0.0,0.0,0.0,0.0,0.0,0.0,0.0,0.0,0.0,0.0,0.0,0.0,0.0,0.0,0.0,0.0,0.0,0.0,31357.0,26416.0,25272.0,21660.0,20054.0,21530.0,20699.0,0.0,0.0,0.0,0.0,0.0,0.0,0.0,166988.0
Ukraine,Citizenship,Immigrants,Foreigners,0.0,0.0,0.0,0.0,0.0,0.0,0.0,0.0,0.0,0.0,0.0,0.0,0.0,0.0,0.0,0.0,0.0,0.0,0.0,0.0,22355.0,19349.0,17201.0,17829.0,18513.0,18050.0,23528.0,0.0,0.0,0.0,0.0,0.0,0.0,0.0,136825.0
Ukraine,Residence,Emigrants,Both,0.0,0.0,0.0,0.0,0.0,0.0,0.0,0.0,0.0,0.0,0.0,0.0,0.0,0.0,0.0,0.0,0.0,0.0,0.0,0.0,100325.0,88804.0,76264.0,63699.0,46182.0,34997.0,29982.0,0.0,0.0,0.0,0.0,0.0,0.0,0.0,440253.0
Ukraine,Residence,Immigrants,Both,0.0,0.0,0.0,0.0,0.0,0.0,0.0,0.0,0.0,0.0,0.0,0.0,0.0,0.0,0.0,0.0,0.0,0.0,0.0,0.0,53712.0,45765.0,42473.0,39489.0,38567.0,39580.0,44227.0,0.0,0.0,0.0,0.0,0.0,0.0,0.0,303813.0
United Kingdom of Great Britain and Northern Ireland,Citizenship,Emigrants,Citizens,0.0,0.0,0.0,0.0,0.0,0.0,0.0,0.0,0.0,0.0,0.0,0.0,0.0,0.0,0.0,0.0,0.0,0.0,0.0,114862.0,140819.0,134082.0,0.0,0.0,183146.0,174270.0,196080.0,159339.0,172576.0,139805.0,136002.0,148729.0,142711.0,133576.0,1842421.0
United Kingdom of Great Britain and Northern Ireland,Citizenship,Emigrants,Foreigners,0.0,0.0,0.0,0.0,0.0,0.0,0.0,0.0,0.0,0.0,0.0,0.0,0.0,0.0,0.0,0.0,0.0,0.0,198934.0,130478.0,136744.0,117287.0,305931.0,313960.0,127243.0,154138.0,173390.0,158248.0,254631.0,228372.0,203304.0,201974.0,178506.0,183358.0,2883140.0
United Kingdom of Great Britain and Northern Ireland,Citizenship,Immigrants,Citizens,0.0,0.0,0.0,0.0,0.0,0.0,0.0,0.0,0.0,0.0,0.0,0.0,0.0,0.0,0.0,0.0,0.0,0.0,0.0,115574.0,103902.0,105976.0,94430.0,106017.0,85460.0,89067.0,77306.0,71424.0,85081.0,95970.0,93321.0,78430.0,80196.0,76136.0,1282154.0
United Kingdom of Great Britain and Northern Ireland,Citizenship,Immigrants,Foreigners,0.0,0.0,0.0,0.0,0.0,0.0,0.0,0.0,0.0,0.0,0.0,110000.0,93000.0,86000.0,109000.0,84000.0,94000.0,90000.0,332390.0,238503.0,260465.0,266230.0,291471.0,325470.0,432637.0,407403.0,451702.0,455290.0,505161.0,470544.0,497629.0,487614.0,417844.0,449910.0,6506353.0
United Kingdom of Great Britain and Northern Ireland,Residence,Emigrants,Both,0.0,0.0,0.0,0.0,0.0,0.0,0.0,0.0,0.0,0.0,0.0,0.0,0.0,0.0,0.0,0.0,0.0,0.0,198934.0,245340.0,0.0,0.0,305931.0,313960.0,310389.0,328408.0,369470.0,317587.0,427207.0,368177.0,339306.0,350703.0,321217.0,316934.0,4196629.0
United Kingdom of Great Britain and Northern Ireland,Residence,Immigrants,Both,173000.0,153000.0,201000.0,202000.0,201000.0,232000.0,250000.0,211000.0,216000.0,250000.0,267000.0,267000.0,216000.0,209000.0,253000.0,245000.0,258000.0,285000.0,332390.0,354077.0,364370.0,372205.0,385901.0,431487.0,518097.0,496469.0,529008.0,526714.0,590242.0,566514.0,590950.0,566044.0,498040.0,526046.0,11211508.0
United States of America,Place of birth,Immigrants,Foreigners,530639.0,596600.0,594131.0,559763.0,543903.0,570009.0,601708.0,601516.0,643025.0,1090924.0,1536483.0,1827167.0,973975.0,904292.0,804416.0,720459.0,915560.0,797847.0,653206.0,644787.0,841002.0,1058902.0,1059356.0,703542.0,957883.0,1122257.0,1266129.0,1052415.0,1107126.0,1130818.0,1042625.0,1062040.0,1031631.0,990553.0,29546136.0
